[
   {
      "status": true,
      "serverid": "907970512574111765",
      "name": "🛒》lapak-jual-beli",
      "channelid": "1136003376316940288",
      "message": "# __GATES SAMP__\n\n##  __JASA__ \n> - **ONLINE SERVER**\n> - **ADD TEXTDRAW**\n> - **RENAME**\n> - **NAMBAH MEPPINGAN**\n> - **DAN MASIH BANYAK YANG LAIN**\n**LINK SERVER :** https://discord.gg/dJjgmvUksz",
      "interval": 3600
   },
   {
      "status": true,
      "serverid": "907970512574111765",
      "name": "📱》share-tiktok",
      "channelid": "1208664069012332564",
      "message": "# __GATES SAMP__\n\n##  __JASA__ \n> - **ONLINE SERVER**\n> - **ADD TEXTDRAW**\n> - **RENAME**\n> - **NAMBAH MEPPINGAN**\n> - **DAN MASIH BANYAK YANG LAIN**\n**LINK SERVER :** https://discord.gg/dJjgmvUksz",
      "interval": 3600
   },
   {
      "status": true,
      "serverid": "907970512574111765",
      "name": "💾》share-discord-gta-samp",
      "channelid": "1248958827701997648",
      "message": "# __GATES SAMP__\n\n##  __JASA__ \n> - **ONLINE SERVER**\n> - **ADD TEXTDRAW**\n> - **RENAME**\n> - **NAMBAH MEPPINGAN**\n> - **DAN MASIH BANYAK YANG LAIN**\n**LINK SERVER :** https://discord.gg/dJjgmvUksz",
      "interval": 3600
   },
   {
      "status": true,
      "serverid": "1243621398648328214",
      "name": "🎥│share-link-konten",
      "channelid": "1243704356126330930",
      "message": "# __GATES SAMP__\n\n##  __JASA__ \n> - **ONLINE SERVER**\n> - **ADD TEXTDRAW**\n> - **RENAME**\n> - **NAMBAH MEPPINGAN**\n> - **DAN MASIH BANYAK YANG LAIN**\n**LINK SERVER :** https://discord.gg/dJjgmvUksz",
      "interval": 3600
   },
   {
      "status": true,
      "serverid": "1292636636881883248",
      "name": "🔗、sharelink",
      "channelid": "1376140740803039374",
      "message": "# __GATES SAMP__\n\n##  __JASA__ \n> - **ONLINE SERVER**\n> - **ADD TEXTDRAW**\n> - **RENAME**\n> - **NAMBAH MEPPINGAN**\n> - **DAN MASIH BANYAK YANG LAIN**\n**LINK SERVER :** https://discord.gg/dJjgmvUksz",
      "interval": 3600
   },
   {
      "status": true,
      "serverid": "829797942759784498",
      "name": "share-dc",
      "channelid": "1209080057558077451",
      "message": "# __GATES SAMP__\n\n##  __JASA__ \n> - **ONLINE SERVER**\n> - **ADD TEXTDRAW**\n> - **RENAME**\n> - **NAMBAH MEPPINGAN**\n> - **DAN MASIH BANYAK YANG LAIN**\n**LINK SERVER :** https://discord.gg/dJjgmvUksz",
      "interval": 3600
   },
   {
      "status": true,
      "serverid": "1079415719135023215",
      "name": "┊content-public",
      "channelid": "1261233015527309344",
      "message": "# __GATES SAMP__\n\n##  __JASA__ \n> - **ONLINE SERVER**\n> - **ADD TEXTDRAW**\n> - **RENAME**\n> - **NAMBAH MEPPINGAN**\n> - **DAN MASIH BANYAK YANG LAIN**\n**LINK SERVER :** https://discord.gg/dJjgmvUksz",
      "interval": 3600
   },
   {
      "status": true,
      "serverid": "1263759218595332116",
      "name": "share-discord",
      "channelid": "1298545387426287616",
      "message": "# __GATES SAMP__\n\n##  __JASA__ \n> - **ONLINE SERVER**\n> - **ADD TEXTDRAW**\n> - **RENAME**\n> - **NAMBAH MEPPINGAN**\n> - **DAN MASIH BANYAK YANG LAIN**\n**LINK SERVER :** https://discord.gg/dJjgmvUksz",
      "interval": 3600
   },
   {
      "status": true,
      "serverid": "740897378793685052",
      "name": "【-🛒-】tempat-lapak",
      "channelid": "1192042198204698724",
      "message": "# __GATES SAMP__\n\n##  __JASA__ \n> - **ONLINE SERVER**\n> - **ADD TEXTDRAW**\n> - **RENAME**\n> - **NAMBAH MEPPINGAN**\n> - **DAN MASIH BANYAK YANG LAIN**\n**LINK SERVER :** https://discord.gg/dJjgmvUksz",
      "interval": 3600
   },
   {
      "status": true,
      "serverid": "740897378793685052",
      "name": "【-💾-】share-mod",
      "channelid": "795095994467483649",
      "message": "# __GATES SAMP__\n\n##  __JASA__ \n> - **ONLINE SERVER**\n> - **ADD TEXTDRAW**\n> - **RENAME**\n> - **NAMBAH MEPPINGAN**\n> - **DAN MASIH BANYAK YANG LAIN**\n**LINK SERVER :** https://discord.gg/dJjgmvUksz",
      "interval": 3600
   },
   {
      "status": true,
      "serverid": "1324863111999651861",
      "name": "🔥all-server",
      "channelid": "1324863115606622310",
      "message": "# __GATES SAMP__\n\n##  __JASA__ \n> - **ONLINE SERVER**\n> - **ADD TEXTDRAW**\n> - **RENAME**\n> - **NAMBAH MEPPINGAN**\n> - **DAN MASIH BANYAK YANG LAIN**\n**LINK SERVER :** https://discord.gg/dJjgmvUksz",
      "interval": 3600
   },
   {
      "status": true,
      "serverid": "1282299152197484565",
      "name": "📣︱share-discord",
      "channelid": "1282304246900985949",
      "message": "# __GATES SAMP__\n\n##  __JASA__ \n> - **ONLINE SERVER**\n> - **ADD TEXTDRAW**\n> - **RENAME**\n> - **NAMBAH MEPPINGAN**\n> - **DAN MASIH BANYAK YANG LAIN**\n**LINK SERVER :** https://discord.gg/dJjgmvUksz",
      "interval": 3600
   },
   {
      "status": true,
      "serverid": "871146855038345236",
      "name": "📎．sharing-link",
      "channelid": "871155333328932864",
      "message": "# __GATES SAMP__\n\n##  __JASA__ \n> - **ONLINE SERVER**\n> - **ADD TEXTDRAW**\n> - **RENAME**\n> - **NAMBAH MEPPINGAN**\n> - **DAN MASIH BANYAK YANG LAIN**\n**LINK SERVER :** https://discord.gg/dJjgmvUksz",
      "interval": 3600
   },
   {
      "status": true,
      "serverid": "871146855038345236",
      "name": "🎲．lapak",
      "channelid": "1063964836821737562",
      "message": "# __GATES SAMP__\n\n##  __JASA__ \n> - **ONLINE SERVER**\n> - **ADD TEXTDRAW**\n> - **RENAME**\n> - **NAMBAH MEPPINGAN**\n> - **DAN MASIH BANYAK YANG LAIN**\n**LINK SERVER :** https://discord.gg/dJjgmvUksz",
      "interval": 3600
   },
   {
      "status": true,
      "serverid": "1242558889682141325",
      "name": "〘💰〙lapak・bebas",
      "channelid": "1242558897248534656",
      "message": "# __GATES SAMP__\n\n##  __JASA__ \n> - **ONLINE SERVER**\n> - **ADD TEXTDRAW**\n> - **RENAME**\n> - **NAMBAH MEPPINGAN**\n> - **DAN MASIH BANYAK YANG LAIN**\n**LINK SERVER :** https://discord.gg/dJjgmvUksz",
      "interval": 3600
   },
   {
      "status": true,
      "serverid": "830054100912832533",
      "name": "🗂┃share・server",
      "channelid": "830054102842867744",
      "message": "# __GATES SAMP__\n\n##  __JASA__ \n> - **ONLINE SERVER**\n> - **ADD TEXTDRAW**\n> - **RENAME**\n> - **NAMBAH MEPPINGAN**\n> - **DAN MASIH BANYAK YANG LAIN**\n**LINK SERVER :** https://discord.gg/dJjgmvUksz",
      "interval": 3600
   },
   {
      "status": true,
      "serverid": "1083333041008689163",
      "name": "🍀share-link",
      "channelid": "1257646873544495215",
      "message": "# __GATES SAMP__\n\n##  __JASA__ \n> - **ONLINE SERVER**\n> - **ADD TEXTDRAW**\n> - **RENAME**\n> - **NAMBAH MEPPINGAN**\n> - **DAN MASIH BANYAK YANG LAIN**\n**LINK SERVER :** https://discord.gg/dJjgmvUksz",
      "interval": 3600
   },
   {
      "status": true,
      "serverid": "1291082028648759409",
      "name": "🌐『・』share-discord",
      "channelid": "1291082030708428919",
      "message": "# __GATES SAMP__\n\n##  __JASA__ \n> - **ONLINE SERVER**\n> - **ADD TEXTDRAW**\n> - **RENAME**\n> - **NAMBAH MEPPINGAN**\n> - **DAN MASIH BANYAK YANG LAIN**\n**LINK SERVER :** https://discord.gg/dJjgmvUksz",
      "interval": 3600
   },
   {
      "status": true,
      "serverid": "921333493231915038",
      "name": "🔗〢share-link",
      "channelid": "921333493936570371",
      "message": "# __GATES SAMP__\n\n##  __JASA__ \n> - **ONLINE SERVER**\n> - **ADD TEXTDRAW**\n> - **RENAME**\n> - **NAMBAH MEPPINGAN**\n> - **DAN MASIH BANYAK YANG LAIN**\n**LINK SERVER :** https://discord.gg/dJjgmvUksz",
      "interval": 3600
   },
   {
      "status": true,
      "serverid": "1175036122984882229",
      "name": "rmt-allserver",
      "channelid": "1176029646593204234",
      "message": "# __GATES SAMP__\n\n##  __JASA__ \n> - **ONLINE SERVER**\n> - **ADD TEXTDRAW**\n> - **RENAME**\n> - **NAMBAH MEPPINGAN**\n> - **DAN MASIH BANYAK YANG LAIN**\n**LINK SERVER :** https://discord.gg/dJjgmvUksz",
      "interval": 3600
   },
   {
      "status": true,
      "serverid": "1254337454329040896",
      "name": "┃ゝsharing・link",
      "channelid": "1302389836862197970",
      "message": "# __GATES SAMP__\n\n##  __JASA__ \n> - **ONLINE SERVER**\n> - **ADD TEXTDRAW**\n> - **RENAME**\n> - **NAMBAH MEPPINGAN**\n> - **DAN MASIH BANYAK YANG LAIN**\n**LINK SERVER :** https://discord.gg/dJjgmvUksz",
      "interval": 3600
   },
   {
      "status": true,
      "serverid": "1342493770997956620",
      "name": "🔗┃sʜᴀʀᴇゝᴅɪsᴄᴏʀᴅ",
      "channelid": "1363449475774812200",
      "message": "# __GATES SAMP__\n\n##  __JASA__ \n> - **ONLINE SERVER**\n> - **ADD TEXTDRAW**\n> - **RENAME**\n> - **NAMBAH MEPPINGAN**\n> - **DAN MASIH BANYAK YANG LAIN**\n**LINK SERVER :** https://discord.gg/dJjgmvUksz",
      "interval": 3600
   },
   {
      "status": true,
      "serverid": "1282149649787916400",
      "name": "🎥﹕share-discord",
      "channelid": "1312741101647691817",
      "message": "# __GATES SAMP__\n\n##  __JASA__ \n> - **ONLINE SERVER**\n> - **ADD TEXTDRAW**\n> - **RENAME**\n> - **NAMBAH MEPPINGAN**\n> - **DAN MASIH BANYAK YANG LAIN**\n**LINK SERVER :** https://discord.gg/dJjgmvUksz",
      "interval": 3600
   },
   {
      "status": true,
      "serverid": "1175447153771032737",
      "name": "rtm-all-servers",
      "channelid": "1265278573263196272",
      "message": "# __GATES SAMP__\n\n##  __JASA__ \n> - **ONLINE SERVER**\n> - **ADD TEXTDRAW**\n> - **RENAME**\n> - **NAMBAH MEPPINGAN**\n> - **DAN MASIH BANYAK YANG LAIN**\n**LINK SERVER :** https://discord.gg/dJjgmvUksz",
      "interval": 3600
   },
   {
      "status": true,
      "serverid": "1175409894770352218",
      "name": "🎮┊share-tour-samp",
      "channelid": "1218562990719111259",
      "message": "# __GATES SAMP__\n\n##  __JASA__ \n> - **ONLINE SERVER**\n> - **ADD TEXTDRAW**\n> - **RENAME**\n> - **NAMBAH MEPPINGAN**\n> - **DAN MASIH BANYAK YANG LAIN**\n**LINK SERVER :** https://discord.gg/dJjgmvUksz",
      "interval": 3600
   },
   {
      "status": true,
      "serverid": "579652952483168256",
      "name": "📎・share-link",
      "channelid": "1296013548010602506",
      "message": "# __GATES SAMP__\n\n##  __JASA__ \n> - **ONLINE SERVER**\n> - **ADD TEXTDRAW**\n> - **RENAME**\n> - **NAMBAH MEPPINGAN**\n> - **DAN MASIH BANYAK YANG LAIN**\n**LINK SERVER :** https://discord.gg/dJjgmvUksz",
      "interval": 3600
   },
   {
      "status": true,
      "serverid": "1318261545259499561",
      "name": "『🌐』𝙎𝙝𝙖𝙧𝙚・𝘿𝙞𝙨𝙘𝙤𝙧𝙙",
      "channelid": "1377513136105721987",
      "message": "# __GATES SAMP__\n\n##  __JASA__ \n> - **ONLINE SERVER**\n> - **ADD TEXTDRAW**\n> - **RENAME**\n> - **NAMBAH MEPPINGAN**\n> - **DAN MASIH BANYAK YANG LAIN**\n**LINK SERVER :** https://discord.gg/dJjgmvUksz",
      "interval": 3600
   },
   {
      "status": true,
      "serverid": "961571100171567104",
      "name": "🛒・store・share",
      "channelid": "1095581590282846238",
      "message": "# __GATES SAMP__\n\n##  __JASA__ \n> - **ONLINE SERVER**\n> - **ADD TEXTDRAW**\n> - **RENAME**\n> - **NAMBAH MEPPINGAN**\n> - **DAN MASIH BANYAK YANG LAIN**\n**LINK SERVER :** https://discord.gg/dJjgmvUksz",
      "interval": 3600
   },
   {
      "status": true,
      "serverid": "961571100171567104",
      "name": "🛒・store・jualbeli",
      "channelid": "1095581496061984890",
      "message": "# __GATES SAMP__\n\n##  __JASA__ \n> - **ONLINE SERVER**\n> - **ADD TEXTDRAW**\n> - **RENAME**\n> - **NAMBAH MEPPINGAN**\n> - **DAN MASIH BANYAK YANG LAIN**\n**LINK SERVER :** https://discord.gg/dJjgmvUksz",
      "interval": 3600
   },
   {
      "status": true,
      "serverid": "1143897764871290890",
      "name": "📁︱gamemode",
      "channelid": "1299375009722273823",
      "message": "# __GATES SAMP__\n\n##  __JASA__ \n> - **ONLINE SERVER**\n> - **ADD TEXTDRAW**\n> - **RENAME**\n> - **NAMBAH MEPPINGAN**\n> - **DAN MASIH BANYAK YANG LAIN**\n**LINK SERVER :** https://discord.gg/dJjgmvUksz",
      "interval": 3600
   },
   {
      "status": true,
      "serverid": "1143897764871290890",
      "name": "📁︱mapping",
      "channelid": "1299375108325900318",
      "message": "# __GATES SAMP__\n\n##  __JASA__ \n> - **ONLINE SERVER**\n> - **ADD TEXTDRAW**\n> - **RENAME**\n> - **NAMBAH MEPPINGAN**\n> - **DAN MASIH BANYAK YANG LAIN**\n**LINK SERVER :** https://discord.gg/dJjgmvUksz",
      "interval": 3600
   },
   {
      "status": true,
      "serverid": "1143897764871290890",
      "name": "📁︱filterscript",
      "channelid": "1299375171940913153",
      "message": "# __GATES SAMP__\n\n##  __JASA__ \n> - **ONLINE SERVER**\n> - **ADD TEXTDRAW**\n> - **RENAME**\n> - **NAMBAH MEPPINGAN**\n> - **DAN MASIH BANYAK YANG LAIN**\n**LINK SERVER :** https://discord.gg/dJjgmvUksz",
      "interval": 3600
   },
   {
      "status": true,
      "serverid": "1143897764871290890",
      "name": "📁︱textdraw",
      "channelid": "1299375234977370244",
      "message": "# __GATES SAMP__\n\n##  __JASA__ \n> - **ONLINE SERVER**\n> - **ADD TEXTDRAW**\n> - **RENAME**\n> - **NAMBAH MEPPINGAN**\n> - **DAN MASIH BANYAK YANG LAIN**\n**LINK SERVER :** https://discord.gg/dJjgmvUksz",
      "interval": 3600
   },
   {
      "status": true,
      "serverid": "1143897764871290890",
      "name": "🌎︱share・discord",
      "channelid": "1299375317823000647",
      "message": "# __GATES SAMP__\n\n##  __JASA__ \n> - **ONLINE SERVER**\n> - **ADD TEXTDRAW**\n> - **RENAME**\n> - **NAMBAH MEPPINGAN**\n> - **DAN MASIH BANYAK YANG LAIN**\n**LINK SERVER :** https://discord.gg/dJjgmvUksz",
      "interval": 3600
   },
   {
      "status": true,
      "serverid": "1255777669006495766",
      "name": "📬︱share-discord",
      "channelid": "1255777670340415520",
      "message": "# __GATES SAMP__\n\n##  __JASA__ \n> - **ONLINE SERVER**\n> - **ADD TEXTDRAW**\n> - **RENAME**\n> - **NAMBAH MEPPINGAN**\n> - **DAN MASIH BANYAK YANG LAIN**\n**LINK SERVER :** https://discord.gg/dJjgmvUksz",
      "interval": 3600
   },
   {
      "status": true,
      "serverid": "1300997531576303636",
      "name": "『🎬』》𝙳𝙸𝚂𝙲𝙾𝚁𝙳",
      "channelid": "1301444505936859176",
      "message": "# __GATES SAMP__\n\n##  __JASA__ \n> - **ONLINE SERVER**\n> - **ADD TEXTDRAW**\n> - **RENAME**\n> - **NAMBAH MEPPINGAN**\n> - **DAN MASIH BANYAK YANG LAIN**\n**LINK SERVER :** https://discord.gg/dJjgmvUksz",
      "interval": 3600
   },
   {
      "status": true,
      "serverid": "1258762416087498872",
      "name": "🪧〢share・discord",
      "channelid": "1258763166515597414",
      "message": "# __GATES SAMP__\n\n##  __JASA__ \n> - **ONLINE SERVER**\n> - **ADD TEXTDRAW**\n> - **RENAME**\n> - **NAMBAH MEPPINGAN**\n> - **DAN MASIH BANYAK YANG LAIN**\n**LINK SERVER :** https://discord.gg/dJjgmvUksz",
      "interval": 3600
   },
   {
      "status": true,
      "serverid": "1055879378338316288",
      "name": "『🛍』lapak・bebas",
      "channelid": "1327249941969764415",
      "message": "# __GATES SAMP__\n\n##  __JASA__ \n> - **ONLINE SERVER**\n> - **ADD TEXTDRAW**\n> - **RENAME**\n> - **NAMBAH MEPPINGAN**\n> - **DAN MASIH BANYAK YANG LAIN**\n**LINK SERVER :** https://discord.gg/dJjgmvUksz",
      "interval": 3600
   },
   {
      "status": true,
      "serverid": "1055879378338316288",
      "name": "『🌐』share・discord",
      "channelid": "1055879384160030762",
      "message": "# __GATES SAMP__\n\n##  __JASA__ \n> - **ONLINE SERVER**\n> - **ADD TEXTDRAW**\n> - **RENAME**\n> - **NAMBAH MEPPINGAN**\n> - **DAN MASIH BANYAK YANG LAIN**\n**LINK SERVER :** https://discord.gg/dJjgmvUksz",
      "interval": 3600
   },
   {
      "status": true,
      "serverid": "960987810276450335",
      "name": "🎬︱share-•-server",
      "channelid": "1034093570732347544",
      "message": "# __GATES SAMP__\n\n##  __JASA__ \n> - **ONLINE SERVER**\n> - **ADD TEXTDRAW**\n> - **RENAME**\n> - **NAMBAH MEPPINGAN**\n> - **DAN MASIH BANYAK YANG LAIN**\n**LINK SERVER :** https://discord.gg/dJjgmvUksz",
      "interval": 3600
   },
   {
      "status": true,
      "serverid": "1342493770997956620",
      "name": "🔗┃sʜᴀʀᴇゝᴅɪsᴄᴏʀᴅ",
      "channelid": "1363449475774812200",
      "message": "# __VENDETTA WEAPON__\n##  __FITUR__ \n- **DEATHMATCH**\n- **GANGWAR**\n- **VERSUS**\n- **DUEL**\n- **DAN MASIH BANYAK YANG LAIN**\n**LINK SERVER :** https://discord.gg/GeJqKpwSHF",
      "interval": 36000
   }
]